{
  "metrics": {
    "mAP@0.5": 0.3736957407133146,
    "mAP@0.75": 0.16820580576631156,
    "mAP@[0.5:0.95]": 0.18467500805854797,
    "iou_thresholds": [
      0.5,
      0.55,
      0.6,
      0.65,
      0.7,
      0.75,
      0.8,
      0.85,
      0.9,
      0.95
    ],
    "ap_eval_style": "VOC2007_11point_ap"
  },
  "ap_per_class": {
    "at_iou_thresholds": {
      "0.5": {
        "mAP": 0.3736957407133146,
        "ap_per_class": [
          0.4626576087691567,
          0.5080981958996166,
          0.27461427450180054,
          0.17958758094094016,
          0.1350267095999284,
          0.48808582804419776,
          0.3936412767930465,
          0.6792148893529719,
          0.10334771871566772,
          0.2967574488032948,
          0.3209770646962253,
          0.5969968438148499,
          0.5187480612234635,
          0.42939817905426025,
          0.368116714737632,
          0.0904699062759226,
          0.19688712737777017,
          0.3428198315880515,
          0.6369087208401073,
          0.45156083323738794
        ]
      },
      "0.55": {
        "mAP": 0.328295861184597,
        "ap_per_class": [
          0.43599581718444824,
          0.4751335328275507,
          0.18976050344380466,
          0.1140098436312242,
          0.12032082947817715,
          0.41297388076782227,
          0.3305204239758578,
          0.6684907945719633,
          0.0736062607981942,
          0.27852022105997254,
          0.30737806992097333,
          0.5664757219227876,
          0.5094852230765603,
          0.35464138876308093,
          0.28998089920390735,
          0.048844605684280396,
          0.1566384190862829,
          0.2834587584842335,
          0.5702539086341858,
          0.379428121176633
        ]
      },
      "0.6": {
        "mAP": 0.29192335382103923,
        "ap_per_class": [
          0.36053177985278045,
          0.3880095536058599,
          0.16658140583471817,
          0.11099060692570427,
          0.1050934452902187,
          0.40253741090947925,
          0.30697889219630853,
          0.6453206647526134,
          0.05013369023799896,
          0.2131449200890281,
          0.2967119704593311,
          0.4811164736747741,
          0.4178468422456222,
          0.3292419856244868,
          0.2596851343458349,
          0.040404035286469894,
          0.12430696866729042,
          0.2753124670548872,
          0.5339920304038308,
          0.33052679896354675
        ]
      },
      "0.65": {
        "mAP": 0.2510192411189729,
        "ap_per_class": [
          0.3387757214632901,
          0.3205547332763672,
          0.1258637322620912,
          0.07099134000864896,
          0.09090904756025835,
          0.4004401022737676,
          0.28961148587140173,
          0.5521734356880188,
          0.02909090573137457,
          0.19607561826705933,
          0.2427039850841869,
          0.45054109530015424,
          0.38743971694599505,
          0.25445815920829773,
          0.19574941559271378,
          0.030303025787526913,
          0.08476656404408542,
          0.24465152350339023,
          0.46378131346269086,
          0.2515039010481401
        ]
      },
      "0.7": {
        "mAP": 0.21190554696050556,
        "ap_per_class": [
          0.2591591098091819,
          0.2910847501321272,
          0.09852596575563605,
          0.05523956228386272,
          0.09090904756025835,
          0.3837836276401173,
          0.23113472895188764,
          0.4257289062846791,
          0.02909090573137457,
          0.14646460251374677,
          0.23276722973043268,
          0.3580923839048906,
          0.3694093931805004,
          0.2193341986699538,
          0.16250612248073923,
          0.03030302036892284,
          0.07109555060213263,
          0.1915113844654777,
          0.4286453778093511,
          0.16332507133483887
        ]
      },
      "0.75": {
        "mAP": 0.16820580576631156,
        "ap_per_class": [
          0.17830786379900845,
          0.2023768262429671,
          0.057822739536112,
          0.024793389168652622,
          0.09090904756025835,
          0.3646717017347162,
          0.21105609698729083,
          0.38353840329430317,
          0.024793386459350586,
          0.13506489179351114,
          0.18784142082387753,
          0.27112500775944104,
          0.2684606205333363,
          0.16091564026745886,
          0.12132747335867448,
          0.010101008821617474,
          0.04545452378012917,
          0.17643673853440717,
          0.3309375318613919,
          0.11818180300972679
        ]
      },
      "0.8": {
        "mAP": 0.12197159178216348,
        "ap_per_class": [
          0.15632453560829163,
          0.16988747228275644,
          0.038992674513296646,
          0.02066115764054385,
          0.09090900421142578,
          0.2715359194712205,
          0.14872718399221246,
          0.2704350325194272,
          0.018181817098097366,
          0.11529929258606651,
          0.13383836637843738,
          0.1852319836616516,
          0.1844304231080142,
          0.12421233545650134,
          0.09090900421142578,
          0.004914005032994531,
          0.018181817098097366,
          0.125420865687457,
          0.22588442130522293,
          0.04545452378012917
        ]
      },
      "0.85": {
        "mAP": 0.06746774361553516,
        "ap_per_class": [
          0.06973243301564996,
          0.11756655844775113,
          0.02203856814991344,
          0.010389610447666862,
          0.00826446237889203,
          0.17183792049234564,
          0.11664733019742099,
          0.10738210786472667,
          0.010101008821617474,
          0.04545452378012917,
          0.09090904756025835,
          0.12670452486384998,
          0.1148324500430714,
          0.09090900421142578,
          0.024675325913862747,
          0.004914005032994531,
          0.012121212753382597,
          0.06818180192600597,
          0.09123845262960954,
          0.04545452378012917
        ]
      },
      "0.9": {
        "mAP": 0.02905007061040537,
        "ap_per_class": [
          0.018181817098097366,
          0.025974024425853382,
          0.00550964203747836,
          0.00826446305621754,
          0.0,
          0.04545452378012917,
          0.09090900421142578,
          0.03030302036892284,
          0.001748251813379201,
          0.015151514248414473,
          0.014204545454545454,
          0.09090900421142578,
          0.09090900421142578,
          0.008978675712238659,
          0.010540184649554167,
          0.00035932448438622737,
          0.002392344515432011,
          0.04545452378012917,
          0.03030302036892284,
          0.04545452378012917
        ]
      },
      "0.95": {
        "mAP": 0.0032149378485469655,
        "ap_per_class": [
          0.003636363216421821,
          0.0,
          0.00275482101873918,
          0.0,
          0.0,
          0.0007836990566416221,
          0.0019071837040511045,
          0.0034305317835374312,
          0.0,
          0.0,
          0.0007272727618163282,
          0.005347593602809039,
          0.00137741050936959,
          0.0005411255512047898,
          0.004398826848376881,
          0.0,
          0.0,
          0.009090908549048683,
          0.03030302036892284,
          0.0
        ]
      }
    },
    "at_0.5": [
      0.4626576087691567,
      0.5080981958996166,
      0.27461427450180054,
      0.17958758094094016,
      0.1350267095999284,
      0.48808582804419776,
      0.3936412767930465,
      0.6792148893529719,
      0.10334771871566772,
      0.2967574488032948,
      0.3209770646962253,
      0.5969968438148499,
      0.5187480612234635,
      0.42939817905426025,
      0.368116714737632,
      0.0904699062759226,
      0.19688712737777017,
      0.3428198315880515,
      0.6369087208401073,
      0.45156083323738794
    ],