{
  "metrics": {
    "mAP@0.5": 0.45460065623575996,
    "mAP@0.75": 0.25284072560342874,
    "mAP@[0.5:0.95]": 0.22283482551574707,
    "iou_thresholds": [
      0.5,
      0.55,
      0.6,
      0.65,
      0.7,
      0.75,
      0.8,
      0.85,
      0.9,
      0.95
    ],
    "ap_eval_style": "VOC2007_11point_ap"
  },
  "ap_per_class": {
    "at_iou_thresholds": {
      "0.5": {
        "mAP": 0.45460065623575996,
        "ap_per_class": [
          0.9999990463256836,
          0.9999995231628416,
          0.3636360168457031,
          0.0,
          0.0,
          0.5454540252685547,
          0.6757574731653386,
          0.9999998211860657,
          0.011363635008985346,
          0.27272701263427734,
          0.0,
          0.5151513814926147,
          0.9999997019767761,
          0.3636360168457031,
          0.2533820000561801,
          0.0,
          0.9999990463256836,
          0.0,
          0.54545428536155,
          0.5454541390592402
        ]
      },
      "0.55": {
        "mAP": 0.34366320229389447,
        "ap_per_class": [
          0.9999990463256836,
          0.272727142680775,
          0.0,
          0.0,
          0.0,
          0.5454540252685547,
          0.49393930760296906,
          0.9999998211860657,
          0.011363635008985346,
          0.0,
          0.0,
          0.5151513814926147,
          0.5454541390592402,
          0.3636360168457031,
          0.2164501818743619,
          0.0,
          0.9999990463256836,
          0.0,
          0.54545428536155,
          0.3636360168457031
        ]
      },
      "0.6": {
        "mAP": 0.3395722906020554,
        "ap_per_class": [
          0.9999990463256836,
          0.272727142680775,
          0.0,
          0.0,
          0.0,
          0.5454540252685547,
          0.418181679465554,
          0.9999998211860657,
          0.011363635008985346,
          0.0,
          0.0,
          0.5151513814926147,
          0.5454541390592402,
          0.3636360168457031,
          0.21038957617499612,
          0.0,
          0.9999990463256836,
          0.0,
          0.54545428536155,
          0.3636360168457031
        ]
      },
      "0.65": {
        "mAP": 0.31000902943990444,
        "ap_per_class": [
          0.9999990463256836,
          0.272727142680775,
          0.0,
          0.0,
          0.0,
          0.5454540252685547,
          0.3484847112135454,
          0.9999998211860657,
          0.011363635008985346,
          0.0,
          0.0,
          0.3636362552642822,
          0.5454541390592402,
          0.3636360168457031,
          0.20397246425802057,
          0.0,
          0.9999990463256836,
          0.0,
          0.54545428536155,
          0.0
        ]
      },
      "0.7": {
        "mAP": 0.2784200460396029,
        "ap_per_class": [
          0.9999990463256836,
          0.272727142680775,
          0.0,
          0.0,
          0.0,
          0.5454540252685547,
          0.3484847112135454,
          0.8181816231120715,
          0.011363635008985346,
          0.0,
          0.0,
          0.3636362552642822,
          0.5454541390592402,
          0.0,
          0.11764701117168773,
          0.0,
          0.9999990463256836,
          0.0,
          0.54545428536155,
          0.0
        ]
      },
      "0.75": {
        "mAP": 0.25284072560342874,
        "ap_per_class": [
          0.9999990463256836,
          0.272727142680775,
          0.0,
          0.0,
          0.0,
          0.5454540252685547,
          0.22727260806343774,
          0.6363634467124939,
          0.011363635008985346,
          0.0,
          0.0,
          0.3636362552642822,
          0.3636360168457031,
          0.0,
          0.09090900421142578,
          0.0,
          0.9999990463256836,
          0.0,
          0.54545428536155,
          0.0
        ]
      },
      "0.8": {
        "mAP": 0.2215907394886017,
        "ap_per_class": [
          0.9999990463256836,
          0.0,
          0.0,
          0.0,
          0.0,
          0.5454540252685547,
          0.22727260806343774,
          0.6363634467124939,
          0.0,
          0.0,
          0.0,
          0.09090904756025835,
          0.3636360168457031,
          0.0,
          0.022727267308668656,
          0.0,
          0.9999990463256836,
          0.0,
          0.54545428536155,
          0.0
        ]
      },
      "0.85": {
        "mAP": 0.0180555482479659,
        "ap_per_class": [
          0.0,
          0.0,
          0.0,
          0.0,
          0.0,
          0.0,
          0.0429292849519036,
          0.09090906110676852,
          0.0,
          0.0,
          0.0,
          0.09090904756025835,
          0.0,
          0.0,
          0.0,
          0.0,
          0.0,
          0.0,
          0.1363635713403875,
          0.0
        ]
      },
      "0.9": {
        "mAP": 0.005050502819093791,
        "ap_per_class": [
          0.0,
          0.0,
          0.0,
          0.0,
          0.0,
          0.0,
          0.010101008821617474,
          0.0,
          0.0,
          0.0,
          0.0,
          0.09090904756025835,
          0.0,
          0.0,
          0.0,
          0.0,
          0.0,
          0.0,
          0.0,
          0.0
        ]
      },
      "0.95": {
        "mAP": 0.004545452378012917,
        "ap_per_class": [
          0.0,
          0.0,
          0.0,
          0.0,
          0.0,
          0.0,
          0.0,
          0.0,
          0.0,
          0.0,
          0.0,
          0.09090904756025835,
          0.0,
          0.0,
          0.0,
          0.0,
          0.0,
          0.0,
          0.0,
          0.0
        ]
      }
    },
    "at_0.5": [
      0.9999990463256836,
      0.9999995231628416,
      0.3636360168457031,
      0.0,
      0.0,
      0.5454540252685547,
      0.6757574731653386,
      0.9999998211860657,
      0.011363635008985346,
      0.27272701263427734,
      0.0,
      0.5151513814926147,
      0.9999997019767761,
      0.3636360168457031,
      0.2533820000561801,
      0.0,
      0.9999990463256836,
      0.0,
      0.54545428536155,
      0.5454541390592402
    ],
    "at_0.75": [
      0.9999990463256836,
      0.272727142680775,
      0.0,
      0.0,
      0.0,
      0.5454540252685547,
      0.22727260806343774,
      0.6363634467124939,
      0.011363635008985346,
      0.0,
      0.0,
      0.3636362552642822,
      0.3636360168457031,
      0.0,
      0.09090900421142578,
      0.0,
      0.9999990463256836,
      0.0,
      0.54545428536155,
      0.0
    ],
    "avg_over_iou_thresholds_[0.5:0.95]": [
      0.6999993324279785,
      0.2363635003566742,
      0.03636360168457031,
      0.0,
      0.0,
      0.3818178176879883,
      0.2792423367500305,
      0.6181817054748535,
      0.006818180438131094,
      0.027272701263427734,
      0.0,
      0.2999998927116394,
      0.390908807516098,
      0.14545440673828125,
      0.11154775321483612,
      0.0,
      0.6999993324279785,
      0.0,
      0.3954543471336365,
      0.1272726207971573
    ]
  },
  "class_names": [
    "aeroplane",
    "bicycle",
    "bird",
    "boat",
    "bottle",
    "bus",
    "car",
    "cat",
    "chair",
    "cow",
    "diningtable",
    "dog",
    "horse",
    "motorbike",
    "person",
    "pottedplant",
    "sheep",
    "sofa",
    "train",
    "tvmonitor"
  ]
}