{
  "metrics": {
    "mAP@0.5": 0.036374237015843386,
    "mAP@0.75": 0.018476620087908076,
    "mAP@[0.5:0.95]": 0.019398866221308708,
    "iou_thresholds": [
      0.5,
      0.55,
      0.6,
      0.65,
      0.7,
      0.75,
      0.8,
      0.85,
      0.9,
      0.95
    ],
    "ap_eval_style": "VOC2007_11point_ap"
  },
  "ap_per_class": {
    "at_iou_thresholds": {
      "0.5": {
        "mAP": 0.036374237015843386,
        "ap_per_class": [
          0.13246752186255023,
          0.0,
          0.0,
          0.0,
          0.0,
          0.0,
          0.12375494566830722,
          0.11940188976851376,
          0.003768252378160303,
          0.0,
          0.03636362877759067,
          0.06060604073784568,
          0.0,
          0.0,
          0.20566792650656265,
          0.0,
          0.04545453461733731,
          0.0,
          0.0,
          0.0
        ]
      },
      "0.55": {
        "mAP": 0.03345980702645399,
        "ap_per_class": [
          0.13246752186255023,
          0.0,
          0.0,
          0.0,
          0.0,
          0.0,
          0.12032635103572499,
          0.11859203604134647,
          0.002355157821015878,
          0.0,
          0.03636362877759067,
          0.06060604073784568,
          0.0,
          0.0,
          0.15303086963566867,
          0.0,
          0.04545453461733731,
          0.0,
          0.0,
          0.0
        ]
      },
      "0.6": {
        "mAP": 0.02843214375898242,
        "ap_per_class": [
          0.09090908007188277,
          0.0,
          0.0,
          0.0,
          0.0,
          0.0,
          0.11537238684567538,
          0.11438727107915012,
          0.0016042781485752626,
          0.0,
          0.03636362877759067,
          0.06060604073784568,
          0.0,
          0.0,
          0.11909716915000569,
          0.0,
          0.03030302036892284,
          0.0,
          0.0,
          0.0
        ]
      },
      "0.65": {
        "mAP": 0.02594505616633052,
        "ap_per_class": [
          0.09090908007188277,
          0.0,
          0.0,
          0.0,
          0.0,
          0.0,
          0.11153433268720453,
          0.1063310287215493,
          0.0010695187374949455,
          0.0,
          0.03636362877759067,
          0.06060604073784568,
          0.0,
          0.0,
          0.0817844732241197,
          0.0,
          0.03030302036892284,
          0.0,
          0.0,
          0.0
        ]
      },
      "0.7": {
        "mAP": 0.02277800685048781,
        "ap_per_class": [
          0.09090900421142578,
          0.0,
          0.0,
          0.0,
          0.0,
          0.0,
          0.09090900421142578,
          0.08999710868705403,
          0.0010695187374949455,
          0.0,
          0.03030302036892284,
          0.06060604073784568,
          0.0,
          0.0,
          0.06146341968666423,
          0.0,
          0.03030302036892284,
          0.0,
          0.0,
          0.0
        ]
      },
      "0.75": {
        "mAP": 0.018476620087908076,
        "ap_per_class": [
          0.09090900421142578,
          0.0,
          0.0,
          0.0,
          0.0,
          0.0,
          0.09090900421142578,
          0.07564170523123308,
          0.0006402048536322334,
          0.0,
          0.009090908549048683,
          0.06060604073784568,
          0.0,
          0.0,
          0.03719007968902588,
          0.0,
          0.004545454274524342,
          0.0,
          0.0,
          0.0
        ]
      },
      "0.8": {
        "mAP": 0.01661034531425685,
        "ap_per_class": [
          0.09090900421142578,
          0.0,
          0.0,
          0.0,
          0.0,
          0.0,
          0.09090900421142578,
          0.04974966767159376,
          0.0005347593687474728,
          0.0,
          0.0031347958879037337,
          0.06060604073784568,
          0.0,
          0.0,
          0.03636363419619473,
          0.0,
          0.0,
          0.0,
          0.0,
          0.0
        ]
      },
      "0.85": {
        "mAP": 0.009702375361865218,
        "ap_per_class": [
          0.018181814388795334,
          0.0,
          0.0,
          0.0,
          0.0,
          0.0,
          0.09090900421142578,
          0.011363635686310854,
          0.0,
          0.0,
          0.0,
          0.06060604073784568,
          0.0,
          0.0,
          0.012987012212926691,
          0.0,
          0.0,
          0.0,
          0.0,
          0.0
        ]
      },
      "0.9": {
        "mAP": 0.0019493670435622335,
        "ap_per_class": [
          0.005194805223833431,
          0.0,
          0.0,
          0.0,
          0.0,
          0.0,
          0.008893280544064262,
          0.00044418122111396355,
          0.0,
          0.0,
          0.0,
          0.01435406506061554,
          0.0,
          0.0,
          0.010101008821617474,
          0.0,
          0.0,
          0.0,
          0.0,
          0.0
        ]
      },
      "0.95": {
        "mAP": 0.0002607009945098649,
        "ap_per_class": [
          0.0,
          0.0,
          0.0,
          0.0,
          0.0,
          0.0,
          0.002331002361395142,
          0.0001668056727133014,
          0.0,
          0.0,
          0.0,
          0.0021141648969867015,
          0.0,
          0.0,
          0.0006020469591021538,
          0.0,
          0.0,
          0.0,
          0.0,
          0.0
        ]
      }
    },
    "at_0.5": [
      0.13246752186255023,
      0.0,
      0.0,
      0.0,
      0.0,
      0.0,
      0.12375494566830722,
      0.11940188976851376,
      0.003768252378160303,
      0.0,
      0.03636362877759067,
      0.06060604073784568,
      0.0,
      0.0,
      0.20566792650656265,
      0.0,
      0.04545453461733731,
      0.0,
      0.0,
      0.0
    ],
    "at_0.75": [
      0.09090900421142578,
      0.0,
      0.0,
      0.0,
      0.0,
      0.0,
      0.09090900421142578,
      0.07564170523123308,
      0.0006402048536322334,
      0.0,
      0.009090908549048683,
      0.06060604073784568,
      0.0,
      0.0,
      0.03719007968902588,
      0.0,
      0.004545454274524342,
      0.0,
      0.0,
      0.0
    ],
    "avg_over_iou_thresholds_[0.5:0.95]": [
      0.07428568601608276,
      0.0,
      0.0,
      0.0,
      0.0,
      0.0,
      0.08458483219146729,
      0.06860753148794174,
      0.0011041689431294799,
      0.0,
      0.01879832334816456,
      0.050131656229496,
      0.0,
      0.0,
      0.07182876765727997,
      0.0,
      0.01863635703921318,
      0.0,
      0.0,
      0.0
    ]
  },
  "class_names": [
    "aeroplane",
    "bicycle",
    "bird",
    "boat",
    "bottle",
    "bus",
    "car",
    "cat",
    "chair",
    "cow",
    "diningtable",
    "dog",
    "horse",
    "motorbike",
    "person",
    "pottedplant",
    "sheep",
    "sofa",
    "train",
    "tvmonitor"
  ]
}